<?xml version="1.0" encoding="UTF-8" standalone="yes"?>
<data>
    <medicos>
        <medico>
            <id>1</id>
            <name>Juan</name>
            <rol>Admin</rol>
            <clave_sistema>1</clave_sistema>
            <especialidad>Cardiologia</especialidad>
        </medico>
        <medico>
            <id>55</id>
            <name>Carlos</name>
            <rol></rol>
            <clave_sistema>12</clave_sistema>
            <especialidad>Odontologia</especialidad>
        </medico>
        <medico>
            <id>99</id>
            <name>Ramirez</name>
            <rol></rol>
            <clave_sistema>21</clave_sistema>
            <especialidad>Las</especialidad>
        </medico>
    </medicos>
    <pacientes>
        <paciente>
            <id>118</id>
            <name>Emmanuel</name>
            <rol></rol>
            <telefono> 70932878</telefono>
            <fechaNac>24/05/2003</fechaNac>
        </paciente>
        <paciente>
            <id>119</id>
            <name>Daniel</name>
            <rol></rol>
            <telefono>88214770</telefono>
            <fechaNac>01/11/2004</fechaNac>
        </paciente>
        <paciente>
            <id>119190941</id>
            <name>Anthony</name>
            <rol></rol>
            <telefono> 83315857</telefono>
            <fechaNac>31/10/2004</fechaNac>
        </paciente>
        <paciente>
            <id>909</id>
            <name>Maria</name>
            <rol></rol>
            <telefono>12124123 </telefono>
            <fechaNac>02/04/1990</fechaNac>
        </paciente>
        <paciente>
            <id>555</id>
            <name>Hermenegildo</name>
            <rol></rol>
            <telefono> 12341234</telefono>
            <fechaNac>01/10/2025</fechaNac>
        </paciente>
    </pacientes>
    <farmaceutas>
        <farmaceuta>
            <id>44</id>
            <name>Enrique</name>
            <rol></rol>
            <clave_sistema>5</clave_sistema>
        </farmaceuta>
        <farmaceuta>
            <id>45</id>
            <name>Fernando</name>
            <rol></rol>
            <clave_sistema>54</clave_sistema>
        </farmaceuta>
    </farmaceutas>
    <medicamentos>
        <medicamento>
            <codigo>101</codigo>
            <nombre>Ibuprofeno</nombre>
            <presentacion>500mg</presentacion>
        </medicamento>
        <medicamento>
            <codigo>202</codigo>
            <nombre>Acetaminofen</nombre>
            <presentacion>100mg</presentacion>
        </medicamento>
        <medicamento>
            <codigo>303</codigo>
            <nombre>Vitaminas</nombre>
            <presentacion>200mg</presentacion>
        </medicamento>
        <medicamento>
            <codigo>808</codigo>
            <nombre>Paracetamol</nombre>
            <presentacion>100mg</presentacion>
        </medicamento>
        <medicamento>
            <codigo>404</codigo>
            <nombre>Naproxeno</nombre>
            <presentacion>200mg</presentacion>
        </medicamento>
        <medicamento>
            <codigo>505</codigo>
            <nombre>Clonazepam</nombre>
            <presentacion>400mg</presentacion>
        </medicamento>
    </medicamentos>
    <recetas>
        <receta>
            <paciente>
                <id>118</id>
                <name>Emmanuel</name>
                <rol></rol>
                <telefono> 70932878</telefono>
                <fechaNac>24/05/2003</fechaNac>
            </paciente>
            <fechaRetiro>17/10/2025</fechaRetiro>
            <medicamentos>
                <medicamentoRecetado>
                    <medicamento>
                        <codigo>303</codigo>
                        <nombre>Vitaminas</nombre>
                        <presentacion>200mg</presentacion>
                    </medicamento>
                    <cantidad>45</cantidad>
                    <indicaciones>Tomar a dispocición</indicaciones>
                    <duracionDias>100</duracionDias>
                </medicamentoRecetado>
                <medicamentoRecetado>
                    <medicamento>
                        <codigo>404</codigo>
                        <nombre>Naproxeno</nombre>
                        <presentacion>200mg</presentacion>
                    </medicamento>
                    <cantidad>25</cantidad>
                    <indicaciones>Tomar una al día</indicaciones>
                    <duracionDias>25</duracionDias>
                </medicamentoRecetado>
            </medicamentos>
            <estado>Entregada</estado>
        </receta>
        <receta>
            <paciente>
                <id>909</id>
                <name>Maria</name>
                <rol></rol>
                <telefono>12124123 </telefono>
                <fechaNac>02/04/1990</fechaNac>
            </paciente>
            <fechaRetiro>10/10/2025</fechaRetiro>
            <medicamentos>
                <medicamentoRecetado>
                    <medicamento>
                        <codigo>303</codigo>
                        <nombre>Vitaminas</nombre>
                        <presentacion>200mg</presentacion>
                    </medicamento>
                    <cantidad>60</cantidad>
                    <indicaciones>Tomar 2 por día</indicaciones>
                    <duracionDias>30</duracionDias>
                </medicamentoRecetado>
                <medicamentoRecetado>
                    <medicamento>
                        <codigo>505</codigo>
                        <nombre>Clonazepam</nombre>
                        <presentacion>400mg</presentacion>
                    </medicamento>
                    <cantidad>12</cantidad>
                    <indicaciones>Tomar 1 cada que sienta nauseas</indicaciones>
                    <duracionDias>100</duracionDias>
                </medicamentoRecetado>
            </medicamentos>
            <estado>Entregada</estado>
        </receta>
        <receta>
            <paciente>
                <id>555</id>
                <name>Hermenegildo</name>
                <rol></rol>
                <telefono> 12341234</telefono>
                <fechaNac>01/10/2025</fechaNac>
            </paciente>
            <fechaRetiro>17/10/2025</fechaRetiro>
            <medicamentos>
                <medicamentoRecetado>
                    <medicamento>
                        <codigo>404</codigo>
                        <nombre>Naproxeno</nombre>
                        <presentacion>200mg</presentacion>
                    </medicamento>
                    <cantidad>10</cantidad>
                    <indicaciones>Dos al dia</indicaciones>
                    <duracionDias>30</duracionDias>
                </medicamentoRecetado>
                <medicamentoRecetado>
                    <medicamento>
                        <codigo>303</codigo>
                        <nombre>Vitaminas</nombre>
                        <presentacion>200mg</presentacion>
                    </medicamento>
                    <cantidad>30</cantidad>
                    <indicaciones>Una al dia, bap bap</indicaciones>
                    <duracionDias>30</duracionDias>
                </medicamentoRecetado>
                <medicamentoRecetado>
                    <medicamento>
                        <codigo>505</codigo>
                        <nombre>Clonazepam</nombre>
                        <presentacion>400mg</presentacion>
                    </medicamento>
                    <cantidad>50</cantidad>
                    <indicaciones>Tres al dia pa volverse loco</indicaciones>
                    <duracionDias>30</duracionDias>
                </medicamentoRecetado>
            </medicamentos>
            <estado>Confeccionada</estado>
        </receta>
        <receta>
            <paciente>
                <id>118</id>
                <name>Emmanuel</name>
                <rol></rol>
                <telefono> 70932878</telefono>
                <fechaNac>24/05/2003</fechaNac>
            </paciente>
            <fechaRetiro>06/11/2025</fechaRetiro>
            <medicamentos>
                <medicamentoRecetado>
                    <medicamento>
                        <codigo>303</codigo>
                        <nombre>Vitaminas</nombre>
                        <presentacion>200mg</presentacion>
                    </medicamento>
                    <cantidad>12</cantidad>
                    <indicaciones>Tomar una cada día</indicaciones>
                    <duracionDias>12</duracionDias>
                </medicamentoRecetado>
                <medicamentoRecetado>
                    <medicamento>
                        <codigo>808</codigo>
                        <nombre>Paracetamol</nombre>
                        <presentacion>100mg</presentacion>
                    </medicamento>
                    <cantidad>22</cantidad>
                    <indicaciones>Tomar cada que sienta malestar</indicaciones>
                    <duracionDias>100</duracionDias>
                </medicamentoRecetado>
                <medicamentoRecetado>
                    <medicamento>
                        <codigo>505</codigo>
                        <nombre>Clonazepam</nombre>
                        <presentacion>400mg</presentacion>
                    </medicamento>
                    <cantidad>10</cantidad>
                    <indicaciones>Tomar antes de dormir</indicaciones>
                    <duracionDias>10</duracionDias>
                </medicamentoRecetado>
            </medicamentos>
            <estado>Confeccionada</estado>
        </receta>
        <receta>
            <paciente>
                <id>909</id>
                <name>Maria</name>
                <rol></rol>
                <telefono>12124123 </telefono>
                <fechaNac>02/04/1990</fechaNac>
            </paciente>
            <fechaRetiro>30/10/2025</fechaRetiro>
            <medicamentos>
                <medicamentoRecetado>
                    <medicamento>
                        <codigo>808</codigo>
                        <nombre>Paracetamol</nombre>
                        <presentacion>100mg</presentacion>
                    </medicamento>
                    <cantidad>21</cantidad>
                    <indicaciones>dasd</indicaciones>
                    <duracionDias>21</duracionDias>
                </medicamentoRecetado>
            </medicamentos>
            <estado>Confeccionada</estado>
        </receta>
    </recetas>
    <pathMedicos>medicos.pdf</pathMedicos>
    <pathPacientes>pacientes.pdf</pathPacientes>
    <pathFarmaceutas>farmaceutas.pdf</pathFarmaceutas>
    <pathMedicamentos>medicamentos.pdf</pathMedicamentos>
</data>
